Date,Baseline,Arizona_11,Arizona_22,Arizona_23,Arizona_31,Arizona_32,Arizona_33,Arizona_31_33,Arizona_42,Arizona_44,Arizona_45,Arizona_44_45,Arizona_48,Arizona_49,Arizona_48_49,Arizona_51,Arizona_52,Arizona_53,Arizona_54,Arizona_55,Arizona_56,Arizona_61,Arizona_62,Arizona_71,Arizona_72,Arizona_81,Arizona_92,Arizona_Total,MARICOPA_11,MARICOPA_22,MARICOPA_23,MARICOPA_31,MARICOPA_32,MARICOPA_33,MARICOPA_31_33,MARICOPA_42,MARICOPA_44,MARICOPA_45,MARICOPA_44_45,MARICOPA_48,MARICOPA_49,MARICOPA_48_49,MARICOPA_51,MARICOPA_52,MARICOPA_53,MARICOPA_54,MARICOPA_55,MARICOPA_56,MARICOPA_61,MARICOPA_62,MARICOPA_71,MARICOPA_72,MARICOPA_81,MARICOPA_92,MARICOPA_Total,PINAL_11,PINAL_22,PINAL_23,PINAL_31,PINAL_32,PINAL_33,PINAL_31_33,PINAL_42,PINAL_44,PINAL_45,PINAL_44_45,PINAL_48,PINAL_49,PINAL_48_49,PINAL_51,PINAL_52,PINAL_53,PINAL_54,PINAL_56,PINAL_61,PINAL_62,PINAL_71,PINAL_72,PINAL_81,PINAL_92,PINAL_Total,Auto,Electronics,HomeImprovement,Grocery,Gas,GeneralMerch,Hotels,Restaurants
3/2/2020,1,1,1,1,1,1,1,1,1,1,1,1,1,1,1,1,1,1,1,1,1,1,1,1,1,1,1,1,1,1,1,1,1,1,1,1,1,1,1,1,1,1,1,1,1,1,1,1,1,1,1,1,1,1,1,1,1,1,1,1,1,1,1,1,1,1,1,1,1,1,1,1,1,1,1,1,1,1,1,1,1,1,1,1,1,1,1,1,1
3/9/2020,1,0.881064163,0.800288046,0.996626922,0.938521297,0.951678241,0.891098886,0.930045277,0.96581333,1.003964663,1.016591662,1.008845221,0.899042939,0.954684059,0.903860539,0.725168338,0.903342506,0.985401522,0.896553221,1.049115914,0.980561555,0.511559665,0.790882431,0.793387942,0.900464726,0.816912534,0.906087134,0.878120908,0.888888889,0.688555743,0.99554849,0.932170914,0.947059869,0.895091264,0.926393367,0.971732302,1.006265261,1.014684441,1.009520981,0.905244322,0.933036995,0.906965797,0.6890217,0.882063185,0.985495381,0.877721116,1.049115914,0.891438658,0.443646909,0.757821004,0.758247326,0.888430388,0.797040199,0.934807044,0.859803807,0.5,0.978342046,0.918918919,0.793201133,0.865168539,0.766666667,0.80075188,0.910526316,0.977387914,1.030285347,0.995344875,0.8671875,0.935656836,0.889570552,0.849154746,0.899399399,1.005620356,0.995,0.846153846,0.531326898,0.708793244,0.855916031,0.945542339,0.829016987,0.858567208,0.877877215,0.947981505,0.958743331,1.01914834,1.093926546,0.915960134,1.072311496,0.878136464,0.890698446
3/16/2020,1,0.549295775,0.258281325,0.838013806,0.535695151,0.738136574,0.718860206,0.628935817,0.867243361,0.801986434,0.735460273,0.776272898,0.511762533,0.80628494,0.5372633,0.278704159,0.679142533,0.642871724,0.736629623,0.807465619,0.750603481,0.139760619,0.529021202,0.470671531,0.51542418,0.569148936,0.766972102,0.566479187,0.548821549,0.323268581,0.84663487,0.522609695,0.712559957,0.701577175,0.618378627,0.882193767,0.795406694,0.722189854,0.767093545,0.484799137,0.790650989,0.503743572,0.253178773,0.648923275,0.629981887,0.708504688,0.807465619,0.769196823,0.134696288,0.513815591,0.444322939,0.496089953,0.552202063,0.768202823,0.548505401,0.3,0.063480209,0.841216216,0.291784703,1.168539326,0.722222222,0.511278195,0.980701754,0.837576848,0.853358231,0.842934115,0.65625,0.954423592,0.753724803,0.581274382,0.870870871,0.787889287,0.85,0.788461538,0.120878289,0.526261205,0.642366412,0.660628901,0.596491228,0.802806499,0.639066455,0.733149564,0.697688204,0.9222866,0.909693147,0.732509643,0.810145319,0.463624358,0.503831264
3/23/2020,1,0.604068858,0.244239078,0.821619078,0.437717653,0.678819444,0.670757512,0.552414198,0.809148366,0.740023793,0.64558877,0.703522989,0.308756463,0.829916991,0.353880341,0.225153888,0.574306772,0.551590834,0.687749609,0.552062868,0.648964553,0.136150518,0.472365028,0.407473474,0.444746759,0.547102936,0.696052049,0.500057723,0.604377104,0.300253378,0.825225225,0.440889059,0.64913839,0.643097643,0.547443574,0.822759121,0.734495855,0.63344551,0.695419415,0.267698047,0.792801835,0.300222927,0.20067386,0.53660864,0.543267524,0.658222295,0.552062868,0.738084731,0.124949152,0.454523196,0.38415539,0.435630623,0.528231946,0.655738729,0.483309856,0.7,0.063480209,0.736486486,0.252124646,0.921348315,0.911111111,0.47556391,0.871929825,0.7945719,0.790628465,0.793233232,0.484375,0.903485255,0.62138475,0.514954486,0.70045045,0.706586596,1.0675,0.715384615,0.141851221,0.472331284,0.58773855,0.586126487,0.60011139,0.783604136,0.590178631,0.719159405,0.6365738,1.016628255,0.787413217,0.737825772,0.721712665,0.35540719,0.447558166
3/30/2020,1,0.547730829,0.21843495,0.694226545,0.390503616,0.561631944,0.572012978,0.475858017,0.722420838,0.681930499,0.599057814,0.649898743,0.239064457,0.813145858,0.288770406,0.181718348,0.525641272,0.512681878,0.578138566,0.491159136,0.559649346,0.114280982,0.405077904,0.341482698,0.403201572,0.471229406,0.627993324,0.450259245,0.548821549,0.26879223,0.694223635,0.394711631,0.544679339,0.538011696,0.47084293,0.730079729,0.672669352,0.586087753,0.639188015,0.199765194,0.770146258,0.235094544,0.166379207,0.483868472,0.505542474,0.54663596,0.491159136,0.624448367,0.104376238,0.387554553,0.32215787,0.394559924,0.454542867,0.59004621,0.433817555,0.3,0.061239731,0.621621622,0.203966006,0.808988764,0.888888889,0.421052632,0.854385965,0.748508022,0.741203244,0.746028287,0.436197917,0.914209115,0.592462752,0.420026008,0.688438438,0.673249413,0.7425,0.715384615,0.122165436,0.402326098,0.476383588,0.540313273,0.499164578,0.729689808,0.538244867,0.649090047,0.532661529,0.953863054,0.729355027,0.685672887,0.696139024,0.291621423,0.408396371
4/6/2020,1,0.564945227,0.184349496,0.677831817,0.364720064,0.534722222,0.562702779,0.453841634,0.665443054,0.627643813,0.545948793,0.596067244,0.201472525,0.789852617,0.252416504,0.16328064,0.457867493,0.474471801,0.552873763,0.461689587,0.526362597,0.102206529,0.371645861,0.312625254,0.374719148,0.427686247,0.56919985,0.413882612,0.558922559,0.238386824,0.692209857,0.364916651,0.509859655,0.536948432,0.447213266,0.682725296,0.621452488,0.532747231,0.587149927,0.166949128,0.730570691,0.201859796,0.149693153,0.417356544,0.466281471,0.520261008,0.461689587,0.593115622,0.093198788,0.355099245,0.298251977,0.368667865,0.41248666,0.526039715,0.399470552,0.6,0.028379388,0.47972973,0.152974504,0.674157303,0.522222222,0.302631579,0.828070175,0.707152497,0.694403921,0.702824769,0.352864583,0.865951743,0.520595968,0.368010403,0.566066066,0.654155599,0.79,0.715384615,0.107893242,0.367508704,0.454580153,0.51496879,0.440128098,0.637370753,0.50687883,0.578546446,0.478897451,0.860059879,0.683883619,0.640882301,0.641657405,0.271988261,0.3819908
4/13/2020,1,0.582159624,0.148463754,0.664967054,0.364720064,0.526186343,0.579207222,0.455846266,0.70020429,0.641457394,0.564754208,0.611810258,0.178212416,0.739369812,0.22679936,0.174204549,0.478842342,0.501485648,0.544365341,0.396856582,0.52420277,0.097143352,0.35953547,0.314765028,0.412274281,0.424516301,0.535408931,0.428277535,0.565656566,0.181165541,0.677583466,0.363479594,0.499022917,0.553783449,0.448088439,0.715680116,0.636483266,0.557443528,0.605918387,0.147340914,0.680671064,0.180375334,0.16256869,0.432959381,0.49716718,0.525744366,0.396856582,0.60282436,0.08878187,0.343727149,0.299569777,0.407348527,0.409484169,0.508992132,0.415458785,0.8,0.044809559,0.47972973,0.150141643,0.640449438,0.6,0.308270677,0.905263158,0.684660369,0.676489467,0.681886613,0.303385417,0.927613941,0.507449606,0.388816645,0.608108108,0.655618432,0.7525,0.630769231,0.095324626,0.36484184,0.430104962,0.55004122,0.451267057,0.560192024,0.504591829,0.590135752,0.506461174,1.034699636,0.664497324,0.660903448,0.652252496,0.274101247,0.423980193
4/20/2020,1,0.641627543,0.177268363,0.746234703,0.400817037,0.57494213,0.643250106,0.501814537,0.746041879,0.702563397,0.614098317,0.668370081,0.206169509,0.808741318,0.258342256,0.186631217,0.496180268,0.539291709,0.595676333,0.436149312,0.582645153,0.105805337,0.389270102,0.345117166,0.445284023,0.472973389,0.581973635,0.465675426,0.646464646,0.224028716,0.758346582,0.400459858,0.548587671,0.623781676,0.496913865,0.744189418,0.690936938,0.601485256,0.656345732,0.171446425,0.750501864,0.207313066,0.170189724,0.447195358,0.532640826,0.570982069,0.436149312,0.64717564,0.096460955,0.373201293,0.323846648,0.435488699,0.453162576,0.547146247,0.448343417,0.6,0.035100822,0.432432432,0.130311615,0.775280899,0.866666667,0.362781955,0.842105263,0.750727245,0.732100134,0.744403946,0.321614583,1.08847185,0.572304996,0.460338101,0.62987988,0.711052085,0.755,0.753846154,0.105546091,0.383732128,0.460973282,0.59382876,0.495265943,0.637370753,0.54690389,0.649238248,0.539122703,1.138152368,0.71789708,0.72099626,0.706952249,0.32622157,0.450358129
4/27/2020,1,0.72456964,0.162025924,0.732428616,0.40148674,0.594762731,0.677105375,0.515190267,0.763023493,0.71609103,0.638340451,0.686039058,0.218742975,0.792563104,0.268426302,0.183394503,0.527084496,0.556972056,0.595719743,0.408644401,0.559776394,0.107397697,0.398110903,0.342361814,0.4624576,0.47674347,0.579384815,0.477842853,0.695286195,0.209248311,0.73990461,0.387143131,0.556404335,0.664540138,0.503132197,0.755254892,0.700623602,0.62217855,0.670288689,0.18270387,0.734012045,0.216851847,0.166098432,0.475770471,0.547078428,0.569995065,0.408644401,0.628420124,0.098481767,0.382435951,0.316003522,0.449338745,0.454123088,0.524790808,0.457604209,1.3,0.026885736,0.402027027,0.203966006,0.764044944,0.8,0.398496241,0.852631579,0.749707602,0.759409465,0.75300107,0.307291667,1.09383378,0.564417178,0.404421326,0.752252252,0.73091581,0.825,0.730769231,0.108991104,0.411067486,0.438406489,0.601483924,0.493455862,0.638847858,0.554024663,0.659434466,0.539952579,1.106382062,0.733557687,0.739842572,0.727446479,0.333793103,0.464777498
5/4/2020,1,0.749608764,0.151224196,0.720818952,0.4317573,0.604021991,0.661024122,0.529084436,0.756288304,0.744781147,0.680901588,0.720090569,0.225326782,0.810350669,0.275980169,0.195965668,0.527026767,0.610205893,0.591899635,0.455795678,0.558632956,0.113723844,0.416856078,0.354838583,0.488589697,0.481590718,0.592158599,0.503462547,0.742424242,0.195734797,0.730683625,0.417800345,0.553917214,0.643097643,0.511653616,0.732012563,0.727592736,0.662669461,0.702486731,0.189918481,0.739891024,0.223983729,0.177249208,0.477601547,0.602284007,0.561715194,0.455795678,0.623345102,0.105549359,0.39845681,0.331097318,0.476014364,0.458598364,0.546396903,0.483300232,1.1,0.047050037,0.442567568,0.150141643,0.808988764,0.622222222,0.340225564,0.935087719,0.765032239,0.788527747,0.773008201,0.421875,1.016085791,0.616126205,0.413524057,0.702702703,0.774877776,0.6625,0.757692308,0.125534734,0.418771761,0.440171756,0.632811212,0.503341688,0.649187592,0.57518324,0.660590432,0.57089508,1.072974778,0.773554507,0.753362965,0.752402073,0.32705796,0.494699039
5/11/2020,1,0.785602504,0.156024964,0.743646062,0.552638628,0.65625,0.719988715,0.618394221,0.798933861,0.760462439,0.705088186,0.739059313,0.25340431,0.813654074,0.301912668,0.216570818,0.546038832,0.649194234,0.619031082,0.47151277,0.588362343,0.130520792,0.448287647,0.406454722,0.566287706,0.535238721,0.616990837,0.544576646,0.776094276,0.201435811,0.751881293,0.532956505,0.602771363,0.704412547,0.595624136,0.764387533,0.743250406,0.692287625,0.723542962,0.216381522,0.73644967,0.248594495,0.191087401,0.494055448,0.644560768,0.587761145,0.47151277,0.663945278,0.120212054,0.42931731,0.378443999,0.55339954,0.514478833,0.585550144,0.524650308,0.6,0.041822255,0.422297297,0.240793201,0.808988764,0.755555556,0.422932331,0.79122807,0.77462888,0.770613293,0.773265718,0.451822917,1.174262735,0.687992989,0.55006502,0.764264264,0.758671132,0.705,0.853846154,0.141245504,0.44588488,0.500858779,0.704816865,0.536758563,0.639586411,0.601521951,0.703183354,0.595672792,1.10004954,0.744225979,0.791799651,0.734535842,0.376889215,0.573677084
5/18/2020,1,0.791862285,0.190590494,0.789927832,0.616394321,0.725694444,0.76498801,0.678913352,0.85252809,0.815323435,0.783990502,0.803212703,0.284476668,0.824241911,0.331211406,0.257810016,0.570669848,0.736888588,0.653542282,0.459724951,0.638673612,0.162373632,0.482032787,0.491253085,0.641864588,0.579597448,0.628981163,0.608041846,0.786195286,0.233530405,0.791096979,0.577409465,0.671877776,0.755094808,0.648088439,0.818313602,0.791935944,0.767802638,0.78260353,0.247872068,0.753513048,0.279191424,0.225622719,0.522295293,0.731153776,0.619729122,0.459724951,0.685569285,0.152203866,0.465782795,0.462174149,0.619898364,0.554379224,0.586986387,0.58458907,0.9,0.059746079,0.611486486,0.331444759,0.842696629,0.811111111,0.498120301,0.914035088,0.795591543,0.825056894,0.805594073,0.622395833,1.195710456,0.809815951,0.574772432,0.743993994,0.812526466,0.7925,0.892307692,0.164224872,0.453144677,0.541221374,0.762195266,0.568922306,0.67282127,0.640782979,0.783863892,0.622169532,1.092424667,0.774821135,0.829697872,0.820247011,0.47975055,0.63664924
5/25/2020,1,0.854460094,0.156024964,0.781848133,0.604741495,0.700810185,0.711807025,0.653924584,0.808509959,0.799928091,0.766910511,0.787166213,0.303914956,0.741233271,0.341779486,0.249776031,0.538918929,0.731555564,0.642081959,0.447937132,0.613390929,0.127072562,0.438447805,0.494913121,0.637952578,0.552940151,0.638144225,0.594122125,0.861952862,0.212415541,0.781981982,0.564188542,0.667614141,0.709551657,0.628788577,0.75907224,0.777543023,0.752494993,0.767856883,0.268834206,0.668339547,0.29357953,0.219806666,0.493101225,0.723783735,0.609146241,0.447937132,0.651147396,0.12103875,0.420221619,0.462157538,0.613897035,0.53022412,0.611902086,0.570499513,0.4,0.035847647,0.611486486,0.280453258,0.943820225,0.577777778,0.441729323,1.007017544,0.772859499,0.800723581,0.78231845,0.4453125,1.013404826,0.631025416,0.572171651,0.762762763,0.796165839,0.7375,0.823076923,0.114253265,0.422179421,0.524045802,0.732422565,0.512252854,0.671713442,0.612223484,0.743434703,0.613930053,1.063562151,0.77034819,0.819545339,0.797140364,0.503330888,0.627039677
6/1/2020,1,0.840375587,0.174507921,0.890492626,0.664010179,0.78125,0.790520525,0.723015242,0.895716292,0.845942796,0.785968709,0.822761752,0.367111475,0.847704557,0.408722883,0.271450452,0.630361576,0.753115892,0.702118423,0.489194499,0.723160971,0.144110434,0.514979649,0.536265033,0.667837312,0.587388949,0.69417856,0.630644814,0.803030303,0.225506757,0.897827239,0.615060356,0.72392965,0.790714159,0.688945187,0.888958686,0.822595149,0.763446003,0.799722015,0.322375709,0.785632349,0.351069782,0.251574345,0.574493875,0.73665278,0.659757636,0.489194499,0.793468667,0.138656554,0.494982315,0.5039008,0.643109385,0.565791533,0.667915574,0.604567944,0.2,0.050037341,0.564189189,0.300283286,0.808988764,0.9,0.486842105,0.98245614,0.818803419,0.87868355,0.839130779,0.450520833,1.002680965,0.631025416,0.518855657,0.818318318,0.813219386,0.78,0.742307692,0.135718342,0.491221572,0.553530534,0.749735014,0.521720969,0.692762186,0.644465611,0.766820796,0.660462359,1.043164538,0.792771212,0.928423176,0.77861973,0.531327953,0.655452579
6/8/2020,1,0.9342723,0.176908305,0.898336994,0.673921779,0.789641204,0.774016081,0.726091314,0.903983657,0.850742379,0.811871158,0.835717965,0.397220349,0.802473319,0.43230855,0.289570268,0.598322012,0.779824954,0.712884181,0.526522593,0.712234786,0.151289228,0.518612527,0.581892559,0.694726016,0.59470342,0.679667541,0.649822362,0.882154882,0.234797297,0.906942236,0.613910711,0.736720554,0.778132199,0.688438508,0.889490215,0.827120466,0.793945349,0.814291559,0.353582215,0.712360195,0.37580489,0.269343388,0.545170858,0.769369679,0.664363656,0.526522593,0.756178288,0.147346044,0.500256426,0.550098558,0.669286484,0.573475631,0.645934807,0.625295649,0.3,0.041822255,0.537162162,0.40509915,1.112359551,0.622222222,0.560150376,0.901754386,0.806717649,0.839470152,0.81783606,0.483072917,0.890080429,0.616126205,0.586475943,0.804054054,0.810178235,0.63,0.661538462,0.145144804,0.489147344,0.571660305,0.752302438,0.549846839,0.698301329,0.642850958,0.798476495,0.664137522,1.003898593,0.777047008,0.928667933,0.809433786,0.585399853,0.678651194
6/15/2020,1,1.284820031,0.169467115,0.889159084,0.677069381,0.755497685,0.731132741,0.709051948,0.88084142,0.832985852,0.786466612,0.815005344,0.401829014,0.78866678,0.435322763,0.279715632,0.57565378,0.760729839,0.706763327,0.487229862,0.70524711,0.14728386,0.509374978,0.559873344,0.671610488,0.569661872,0.63650918,0.63179191,1.326599327,0.222761824,0.886062533,0.619467331,0.694617161,0.737196527,0.669553201,0.860111138,0.806990481,0.764686615,0.790631463,0.362264365,0.702609693,0.383345323,0.250050138,0.519587363,0.74945662,0.658935132,0.487229862,0.711385702,0.144789849,0.490399727,0.525220925,0.643405158,0.544204909,0.590358436,0.605592406,0.4,0.025392084,0.570945946,0.433427762,0.707865169,0.555555556,0.5,1.035087719,0.810526316,0.823773122,0.815023177,0.526041667,0.857908847,0.634531113,0.570871261,0.75975976,0.800323363,0.835,0.769230769,0.120196858,0.482924661,0.560400763,0.722694618,0.518379282,0.661742984,0.628252864,0.759025431,0.662359218,0.931182286,0.776925115,0.9040943,0.785584444,0.565194424,0.652142618
6/22/2020,1,0.841940532,0.186389822,0.897552557,0.623560139,0.740596065,0.748906757,0.682231362,0.888789581,0.840828308,0.781537371,0.817911314,0.447626618,0.820260884,0.479890579,0.275178453,0.575345893,0.743031063,0.713622157,0.400785855,0.721001143,0.148048042,0.515899819,0.558616621,0.670915494,0.574929728,0.646660081,0.631791344,0.851851852,0.246199324,0.884260731,0.565529795,0.670811867,0.741095162,0.638461538,0.849528872,0.808723115,0.755083466,0.787980519,0.405107036,0.742328649,0.425994511,0.239099916,0.521805287,0.726147437,0.659647968,0.400785855,0.69439541,0.142897634,0.493999623,0.516873934,0.633413279,0.545812878,0.592481579,0.599557118,0.1,0.059746079,0.557432432,0.402266289,1.078651685,1.133333333,0.639097744,1.012280702,0.795921428,0.808659625,0.800245632,0.544270833,0.769436997,0.617879053,0.483745124,0.758258258,0.810370713,0.76,0.734615385,0.122998296,0.501444551,0.546612595,0.729454717,0.529657477,0.659527326,0.627667106,0.782559725,0.663485477,0.952829173,0.776888017,0.915382507,0.770959063,0.606016141,0.63838901
6/29/2020,1,0.820031299,0.130820931,0.806401004,0.558465042,0.641059028,0.651572859,0.601009228,0.802923902,0.783347932,0.706775312,0.753751262,0.392772265,0.902676605,0.436921542,0.234603936,0.563068871,0.713663994,0.616860566,0.351669941,0.68148901,0.109503903,0.412649587,0.503019874,0.613396129,0.500394961,0.556051368,0.574408724,0.794612795,0.171452703,0.8063593,0.530848822,0.588736898,0.646464646,0.575909719,0.762358058,0.745103666,0.659124441,0.711855269,0.364139028,0.825924864,0.392742,0.199911756,0.516776273,0.698451368,0.562044196,0.351669941,0.587819947,0.101421129,0.398728125,0.455344289,0.573159082,0.467869086,0.491320095,0.539507943,0.9,0.03360717,0.5,0.365439093,0.629213483,0.8,0.483082707,1.003508772,0.751746889,0.830600455,0.778515114,0.526041667,0.860589812,0.635407537,0.396618986,0.593093093,0.841821611,0.74,0.788461538,0.106492523,0.38010223,0.455772901,0.690071841,0.44973545,0.5605613,0.591171871,0.683413362,0.556846473,0.886617701,0.719847369,0.896193534,0.720938808,0.50296405,0.582991451
7/6/2020,1,0.704225352,0.139822372,0.828600565,0.580163407,0.668836806,0.670757512,0.62354405,0.801806691,0.749388892,0.676320879,0.721146814,0.425506632,1.088429612,0.482904792,0.237204867,0.582869898,0.688230774,0.631142559,0.365422397,0.641849828,0.11204302,0.413588878,0.482721525,0.603867485,0.503369991,0.565657254,0.560617108,0.725589226,0.179054054,0.839427663,0.553745928,0.627287262,0.664540138,0.60161216,0.775308045,0.718551241,0.635149902,0.686299719,0.391577273,1.041439633,0.431829687,0.206810798,0.544087685,0.67728129,0.573449581,0.365422397,0.56266549,0.103449814,0.39791087,0.445147948,0.571031425,0.474606901,0.494941926,0.531071373,0.2,0.064227035,0.496621622,0.345609065,0.943820225,1.044444444,0.563909774,0.938596491,0.708651972,0.761451829,0.726575809,0.3984375,0.815013405,0.534618755,0.407022107,0.624624625,0.779150787,0.655,0.888461538,0.113458262,0.405585599,0.417270992,0.667812978,0.422862712,0.58788774,0.562510505,0.694261663,0.53805572,0.842246968,0.672150087,0.877709463,0.68074498,0.470388848,0.582815589
7/13/2020,1,0.696400626,0.151584253,0.852212112,0.613849451,0.708912037,0.710678516,0.660284105,0.816713483,0.767618379,0.693174898,0.738844659,0.42203809,1.125190581,0.48291946,0.243967286,0.600900572,0.703779047,0.669213405,0.373280943,0.684157032,0.124889184,0.430390941,0.530478991,0.624376374,0.523128296,0.573491842,0.58071615,0.678451178,0.192778716,0.858611553,0.577409465,0.670634216,0.713450292,0.636941502,0.793283402,0.740359028,0.649532886,0.705236315,0.384930742,1.094350445,0.428872132,0.216196703,0.566163765,0.693080964,0.601853375,0.373280943,0.629302736,0.115650793,0.41447105,0.493809661,0.590935275,0.492251868,0.49487948,0.551109865,0.6,0.070948469,0.550675676,0.305949008,0.91011236,1.066666667,0.535714286,0.921052632,0.71420003,0.779366283,0.736321857,0.384114583,1.016085791,0.590709904,0.416124837,0.624624625,0.801516726,0.7325,0.788461538,0.137194776,0.407733906,0.454532443,0.688564362,0.482038429,0.619276219,0.5827879,0.746724761,0.562774155,0.859478321,0.67614076,0.912954514,0.689766389,0.49866471,0.602378901
7/20/2020,1,0.715179969,0.170547288,0.878255413,0.635949638,0.709635417,0.727041896,0.675871842,0.844037283,0.795094725,0.719665256,0.765939903,0.422768732,1.136117229,0.484532907,0.257116435,0.596705602,0.736640507,0.673424206,0.388998035,0.750095286,0.14295475,0.450940605,0.546786898,0.654835342,0.549893309,0.615662363,0.605789032,0.703703704,0.215793919,0.876735559,0.600881395,0.681648605,0.728867624,0.65508982,0.825078521,0.770230506,0.682371424,0.736255163,0.382582679,1.115141956,0.427957333,0.226625486,0.56554481,0.725491759,0.616164939,0.388998035,0.681376876,0.132672852,0.437539498,0.508144892,0.621246039,0.519950196,0.543774198,0.576849465,0.4,0.097087379,0.682432432,0.314447592,0.606741573,1.088888889,0.494360902,0.884210526,0.745419103,0.78304254,0.758191038,0.50390625,0.978552279,0.65907099,0.466840052,0.65015015,0.812449475,0.79,0.773076923,0.189854249,0.438773242,0.472948473,0.714474149,0.542606516,0.644387001,0.610221722,0.767354319,0.577296977,0.885713055,0.697572738,0.952115682,0.714316876,0.523330888,0.63302901
7/27/2020,1,0.546165884,0.18674988,0.870018826,0.62362711,0.748842593,0.72718296,0.678913352,0.833663177,0.811699014,0.752431107,0.788790921,0.427521919,1.207691005,0.495071652,0.283645927,0.626436007,0.756486952,0.6809776,0.377210216,0.688222589,0.168434387,0.483612611,0.552193366,0.680090891,0.549739428,0.619749974,0.626370456,0.51010101,0.23120777,0.876629571,0.579996168,0.732279268,0.707425128,0.652602487,0.820584682,0.784064159,0.718320188,0.758640789,0.391889717,1.201319186,0.442025703,0.25414143,0.602656351,0.745435609,0.62367714,0.377210216,0.648278906,0.15764956,0.472387015,0.505752918,0.648965212,0.521294913,0.543212189,0.597458736,0.6,0.136669156,0.672297297,0.339943343,0.662921348,1.033333333,0.511278195,0.931578947,0.759274254,0.805975375,0.775127768,0.352864583,1.002680965,0.565293602,0.413524057,0.562312312,0.823112754,0.8875,0.896153846,0.189778535,0.456552337,0.455725191,0.72135202,0.496379838,0.662481536,0.614867033,0.801647993,0.62780083,0.861739936,0.717123324,0.968543792,0.747156465,0.572560528,0.657912125
8/3/2020,1,0.284820031,0.227076332,0.887197992,0.546477364,0.673755787,0.809140923,0.641240106,0.766151685,0.839323763,0.775767441,0.814758122,0.406413592,1.325851262,0.486021679,0.295090021,0.611041623,0.739265908,0.57314638,0.41453831,0.526870792,0.167448102,0.546277375,0.612093261,0.682741069,0.499543487,0.600640392,0.638420547,0.230639731,0.303420608,0.914785374,0.483042728,0.676319062,0.699450647,0.589405804,0.729161633,0.787275379,0.727761014,0.764261014,0.369800888,1.336248925,0.42966259,0.268621395,0.598736299,0.716047817,0.524538027,0.41453831,0.558252427,0.15176821,0.515946412,0.556900733,0.654499029,0.469149769,0.539902585,0.599955193,0.1,0.11351755,0.692567568,0.359773371,0.797752809,0.888888889,0.522556391,0.868421053,0.766261808,0.839528506,0.791133473,0.311197917,0.986595174,0.531989483,0.422626788,0.427927928,0.822265851,0.65,0.765384615,0.189097104,0.517816135,0.491412214,0.714497703,0.478139794,0.626661743,0.622125332,0.835497066,0.726852401,0.880177483,0.71280407,0.950226156,0.753555069,0.524314013,0.672052628
8/10/2020,1,0.309859155,0.238958233,0.88374647,0.535226359,0.669560185,1.022570179,0.686724501,0.723538049,0.826026577,0.78134587,0.808756695,0.433118155,1.288412672,0.507172507,0.285264283,0.572844305,0.73809355,0.585952422,0.367387033,0.519629018,0.16795442,0.535725297,0.592587494,0.683634867,0.495481032,0.607691522,0.634325878,0.260942761,0.323268581,0.903550609,0.477198697,0.666192929,0.963494595,0.652602487,0.674172505,0.780059728,0.73990336,0.764531153,0.401225158,1.301691999,0.456999991,0.258513497,0.562243714,0.716408259,0.54526512,0.367387033,0.525816417,0.151274817,0.506509921,0.54348464,0.660097247,0.468986126,0.532284251,0.599677423,0,0.126213592,0.665540541,0.322946176,0.775280899,0.833333333,0.484962406,0.898245614,0.751776878,0.838769913,0.781308189,0.330729167,1.058981233,0.568799299,0.407022107,0.332582583,0.796743273,0.63,0.957692308,0.185159947,0.512260167,0.479103053,0.703356495,0.450849346,0.670605613,0.610939911,0.837067995,0.702845287,0.874426519,0.701907891,0.946838715,0.761922074,0.586162876,0.672198341
8/17/2020,1,0.270735524,0.282165146,0.956463759,0.564425395,0.728443287,0.950204542,0.698130163,0.779781665,0.87063326,0.808791819,0.846730451,0.449360889,1.351854989,0.527501943,0.31497269,0.60244001,0.776278111,0.624978295,0.373280943,0.550501842,0.203818275,0.57335427,0.665408632,0.739465216,0.548693038,0.647613857,0.679561288,0.220538721,0.383023649,0.973714891,0.491281855,0.73743116,0.889952153,0.658728696,0.730997826,0.82618287,0.752987759,0.797878124,0.411488463,1.364640092,0.470526587,0.280012835,0.583597679,0.749878645,0.58447113,0.373280943,0.558252427,0.178211975,0.544242649,0.606885783,0.71018902,0.519060832,0.569689022,0.639356065,0.4,0.15085885,0.827702703,0.368271955,0.786516854,0.888888889,0.526315789,1.124561404,0.805098216,0.892221509,0.834673745,0.37109375,1.128686327,0.618755478,0.386215865,0.401651652,0.853216307,0.69,1.076923077,0.197842135,0.549818505,0.551956107,0.751407373,0.507658034,0.720088626,0.659511937,0.884699745,0.775459395,0.921683503,0.738825587,1.032572301,0.773083275,0.616331621,0.724376383
8/24/2020,1,0.27543036,0.272443591,0.842092877,0.536565765,0.656539352,0.895330794,0.653129644,0.718303115,0.781133947,0.719171183,0.757184244,0.389849697,1.266728782,0.465772915,0.319914458,0.566763523,0.702537226,0.562554263,0.396856582,0.508702833,0.198941438,0.538067548,0.610390096,0.662013658,0.490833829,0.603195149,0.614977522,0.245791246,0.368032095,0.865500795,0.471833685,0.662284598,0.817118554,0.61096269,0.682918579,0.743815157,0.67913076,0.718801527,0.354794118,1.287496415,0.412565612,0.292888372,0.556183108,0.686641913,0.515929155,0.396856582,0.523389232,0.172934245,0.509716078,0.566548914,0.643801112,0.462490217,0.521356313,0.583577708,0.1,0.161314414,0.675675676,0.492917847,0.685393258,0.788888889,0.57518797,0.905263158,0.710211426,0.781583708,0.734439998,0.361979167,1.002680965,0.571428571,0.358907672,0.382132132,0.756322901,0.9175,0.734615385,0.208025743,0.524186977,0.46860687,0.685973384,0.452659426,0.661373708,0.593474153,0.812081333,0.710966212,0.831326599,0.660485452,0.915705586,0.686551506,0.508055759,0.660827653
8/31/2020,1,0.331768388,0.295847336,0.916300596,0.592552907,0.770399306,0.944985188,0.721390799,0.779558223,0.869990179,0.805881001,0.845210849,0.434932717,1.338641369,0.513178931,0.384590931,0.651220967,0.821949034,0.59802049,0.461689587,0.563587854,0.232111834,0.582790194,0.740182707,0.743991713,0.548380147,0.65122458,0.697614035,0.267676768,0.399282095,0.923158453,0.514945392,0.772606147,0.887293993,0.678535237,0.704276395,0.807038001,0.750964518,0.785354235,0.399729215,1.353599082,0.458811827,0.341301994,0.629477756,0.781925376,0.547513297,0.461689587,0.569064431,0.196441272,0.547981511,0.677006046,0.711825313,0.514279616,0.520794305,0.650251397,0.4,0.185959671,0.618243243,0.640226629,0.93258427,0.666666667,0.693609023,1.073684211,0.840335882,0.929684309,0.870666772,0.33203125,0.954423592,0.53549518,0.352405722,0.424174174,0.7903915,0.86,0.853846154,0.219647927,0.574190681,0.55629771,0.715910965,0.555137845,0.665805022,0.658656222,0.906011026,0.721991701,0.915695608,0.726063914,0.98288657,0.766352276,0.690858401,0.720124309
9/7/2020,1,0.339593114,0.27256361,0.883118921,0.580163407,0.671875,0.972210467,0.698130163,0.738029877,0.840266064,0.797250043,0.823639612,0.46687221,1.263171269,0.535818531,0.351992602,0.571112437,0.825223698,0.574231637,0.390962672,0.54592809,0.245119869,0.547957581,0.759371835,0.727949349,0.542953282,0.610280342,0.687781236,0.269360269,0.373521959,0.881399046,0.512262886,0.674720199,0.89172426,0.653017043,0.675042281,0.786346921,0.754353012,0.773974791,0.440204887,1.243045598,0.489932767,0.32064498,0.558220503,0.788944032,0.530789055,0.390962672,0.543248014,0.217134909,0.514967029,0.71416746,0.706745889,0.512344361,0.488385163,0.649742641,0.4,0.168035848,1.040540541,0.504249292,0.707865169,0.966666667,0.616541353,0.966666667,0.824261508,0.94129661,0.863991126,0.352864583,1.085790885,0.592462752,0.33420026,0.33033033,0.800323363,0.8525,0.911538462,0.242059436,0.584265501,0.618129771,0.708821105,0.51754386,0.682422452,0.665563066,0.828205584,0.700770599,0.941478019,0.707202289,0.945282058,0.779731176,0.604754219,0.722215802
9/14/2020,1,0.3114241,0.267042727,0.869312833,0.565965711,0.713541667,0.923825645,0.688901946,0.750383044,0.798681743,0.744945326,0.777911669,0.448951408,1.253006946,0.518569312,0.351183423,0.590547848,0.771010297,0.570628581,0.385068762,0.563969,0.281881544,0.587763892,0.736097863,0.69877111,0.539614067,0.626051708,0.666466131,0.276094276,0.349662162,0.889560148,0.504598582,0.728193285,0.867269183,0.656840166,0.698816139,0.752650125,0.708537324,0.735591586,0.41853265,1.258675079,0.470570995,0.305122137,0.577537073,0.738657852,0.523441355,0.385068762,0.569947043,0.25595549,0.558761345,0.69693916,0.682929011,0.513916756,0.498001748,0.633411407,0.1,0.190440627,0.722972973,0.521246459,0.831460674,0.722222222,0.607142857,0.931578947,0.77222972,0.865087238,0.803751832,0.31640625,1.112600536,0.576687117,0.361508453,0.328828829,0.741348116,0.8775,0.869230769,0.287261026,0.610860064,0.596230916,0.668001413,0.506404901,0.683899557,0.638159805,0.840180212,0.696917605,0.856204364,0.66421114,0.914432848,0.718352359,0.648305209,0.691554388
9/21/2020,1,0.284820031,0.297887662,0.902572953,0.607889097,0.752025463,0.858372126,0.703694743,0.769056435,0.834870455,0.774903771,0.811692272,0.483315669,1.307301372,0.554659196,0.357743548,0.602286066,0.798772639,0.583781907,0.418467583,0.563714903,0.330843781,0.611967945,0.792532426,0.736363211,0.57370381,0.649419219,0.70253648,0.244107744,0.404983108,0.917329094,0.550871815,0.761769408,0.786106681,0.666697374,0.714037207,0.790316626,0.73616703,0.769376832,0.455126445,1.323630628,0.508921514,0.322449962,0.588420374,0.766949828,0.533201733,0.418467583,0.574139453,0.314380569,0.585383366,0.754365906,0.724555476,0.54796158,0.533096041,0.671770439,0.3,0.171023152,0.540540541,0.52407932,1.08988764,0.811111111,0.667293233,1.066666667,0.800239916,0.881134388,0.827700963,0.348958333,1.050938338,0.578439965,0.394018205,0.372372372,0.757978211,1.0025,0.846153846,0.31516184,0.629602193,0.606774809,0.698716288,0.546505152,0.676144756,0.661503512,0.877734306,0.714759929,0.897236522,0.691319095,0.989113195,0.743344309,0.66137931,0.735430521
9/28/2020,1,0.450704225,0.363058089,0.902808284,0.614318243,0.742476852,0.918042037,0.719351605,0.788783197,0.8422677,0.791719489,0.822729924,0.492187751,1.363035745,0.567588776,0.358552727,0.629206997,0.843285381,0.581003646,0.42632613,0.574005844,0.342127701,0.627866568,0.763004337,0.74642337,0.56420936,0.632557823,0.713642593,0.422558923,0.408994932,0.902914679,0.550680207,0.75093267,0.85645933,0.68208199,0.72099541,0.793738029,0.747486166,0.775852309,0.461820316,1.378405506,0.518593518,0.323131844,0.611682785,0.784640464,0.531611559,0.42632613,0.582303619,0.32696209,0.606215114,0.721908153,0.726089202,0.539053718,0.51898339,0.676370091,0.7,0.536967886,0.800675676,0.543909348,0.707865169,0.766666667,0.609022556,1.029824561,0.844534413,0.930676314,0.873776792,0.32421875,1.131367292,0.588080631,0.374512354,0.380630631,0.873426493,0.7875,0.911538462,0.287223169,0.565227054,0.62480916,0.703851136,0.520467836,0.699778434,0.685178299,0.859713083,0.701896858,0.931806923,0.705548784,0.97919563,0.755809122,0.648716067,0.739229125
10/5/2020,1,0.771517997,0.345775324,0.90892689,0.712764533,0.76953125,1.077443927,0.8156776,0.79293284,0.876288274,0.826779525,0.857152268,0.530919806,1.440792817,0.609699752,0.391931335,0.622914542,0.878765154,0.568544886,0.436149312,0.577055012,0.279325487,0.611016704,0.822750828,0.784367897,0.569272041,0.654971557,0.736070217,0.772727273,0.360853041,0.917117117,0.655489557,0.754663351,0.905723906,0.74624597,0.696738343,0.809225725,0.778860898,0.797483565,0.50554351,1.506309148,0.567530841,0.339697565,0.612843327,0.816359355,0.52673137,0.436149312,0.569285084,0.247796134,0.571380831,0.75970355,0.749981216,0.537467094,0.524166354,0.686126003,0.5,0.595220314,0.800675676,0.515580737,0.93258427,0.622222222,0.603383459,1.073684211,0.847833258,0.963295793,0.88702904,0.376302083,1.091152815,0.609991236,0.366710013,0.336336336,0.882164992,0.7,0.888461538,0.346091236,0.579672568,0.646517176,0.676245436,0.510025063,0.706425406,0.694800002,0.903461972,0.72033195,0.9345424,0.715920293,0.984267001,0.788477319,0.773191489,0.76112511
10/12/2020,1,1.194053208,0.41118579,0.927831817,0.708478436,0.796585648,1.05769502,0.815090036,0.827757916,0.885514622,0.836295218,0.866490453,0.560603141,1.503134,0.642210716,0.50148831,0.61625647,0.891245733,0.604141344,0.526522593,0.594206581,0.386230041,0.666081104,0.872667735,0.792170558,0.611968855,0.658820724,0.765466772,1.227272727,0.482685811,0.936512984,0.660471355,0.786995914,0.869750133,0.747673883,0.751920754,0.826749448,0.791562678,0.81314263,0.532318996,1.592342988,0.597976784,0.439172115,0.60693746,0.830690092,0.559576685,0.526522593,0.5809797,0.399824163,0.648328596,0.819779739,0.764421615,0.591454998,0.507306107,0.72696866,0.3,0.254667662,0.800675676,0.603399433,1.04494382,0.644444444,0.684210526,1.205263158,0.86042885,0.972749023,0.898557902,0.444010417,1.096514745,0.657318142,0.422626788,0.371621622,0.902144204,0.8325,1.023076923,0.403445012,0.637602785,0.689646947,0.687645743,0.5368978,0.776587888,0.720578423,0.914043512,0.765915827,0.975445323,0.727786316,0.998022361,0.794907085,0.747043287,0.778259024
10/19/2020,1,1.178403756,0.485957753,0.96352369,0.714974551,0.783130787,1.063760756,0.816714478,0.824023238,0.877821776,0.834150405,0.86094202,0.539647365,1.484330002,0.621441249,0.514088374,0.623106972,0.888589145,0.599973954,0.430255403,0.579977131,0.45682089,0.699061427,0.880217911,0.782508008,0.633127475,0.713390333,0.772729514,1.203703704,0.509079392,0.972655008,0.683176854,0.778290993,0.86656034,0.755504376,0.751340904,0.821939014,0.795241035,0.811614834,0.504568307,1.576713507,0.570976881,0.448397577,0.609929078,0.829918493,0.55030981,0.430255403,0.567961165,0.460752949,0.678457868,0.837938252,0.766678076,0.608914977,0.545147996,0.737577667,0.4,0.622852875,0.793918919,0.586402266,0.662921348,0.844444444,0.642857143,1.31754386,0.86402759,1.005193441,0.911948813,0.40234375,1.243967828,0.677475898,0.395318596,0.392642643,0.933826077,0.83,0.923076923,0.462464509,0.627602045,0.78759542,0.700930397,0.606794765,0.761816839,0.7538851,0.892169068,0.76324837,0.977986947,0.731485505,0.980341094,0.803029988,0.758239178,0.781071548
10/26/2020,1,0.993740219,0.453432549,0.974976467,0.683699437,0.752314815,1.129214276,0.809248954,0.821788815,0.907355258,0.850071813,0.885214195,0.492091403,1.405895307,0.571211699,0.488859347,0.630919622,0.929156696,0.611781559,0.453831041,0.568669801,0.463896162,0.696360668,0.83204547,0.739446322,0.636759064,0.686888987,0.768838341,1.008417508,0.448690878,0.988023317,0.672063614,0.74595843,0.949494949,0.763334869,0.773520174,0.806197272,0.819021366,0.811156383,0.454132306,1.48938916,0.518256019,0.425414143,0.624139265,0.841840246,0.570543401,0.453831041,0.568623124,0.463757923,0.676651303,0.805195345,0.729378483,0.610487371,0.543961534,0.726528345,0.2,0.586258402,0.85472973,0.694050992,0.865168539,0.833333333,0.746240602,1.207017544,0.861928325,1.023516368,0.916782219,0.390625,1.367292225,0.709903593,0.388816645,0.43018018,0.915078723,0.7475,0.746153846,0.484648874,0.639454774,0.697757634,0.670027088,0.636313005,0.824593796,0.741925461,0.869879661,0.748014226,0.914403257,0.722507817,1.244336316,0.851466174,0.639985326,0.749869988
11/2/2020,1,0.281690141,0.416466635,0.909005334,1.368202518,0.718315972,1.20538863,1.173054989,0.75778856,0.853032376,0.773567092,0.82231764,0.481958763,1.345417584,0.556720008,0.495188278,0.658898917,0.902826134,0.577574232,0.37524558,0.594206581,0.448277485,0.677290446,0.841924223,0.742280516,0.628023759,0.652791498,0.748419034,0.262626263,0.414273649,0.918494966,1.649166507,0.704032688,1.089491405,1.258636573,0.714037207,0.741042577,0.745990475,0.742955943,0.460030866,1.429308861,0.520067855,0.448036581,0.660967118,0.827275856,0.537917421,0.37524558,0.608561342,0.447517945,0.654208205,0.834472105,0.742490289,0.608516542,0.528849756,0.712946207,0.1,0.492905153,0.929054054,0.490084986,0.707865169,0.666666667,0.556390977,1.085964912,0.778797421,0.930968081,0.830454419,0.39453125,1.252010724,0.674846626,0.381014304,0.400900901,0.858297725,0.6625,0.811538462,0.483096725,0.670790429,0.701049618,0.661924391,0.585630744,0.721565731,0.707569514,0.817742605,0.692768228,0.880306718,0.617213419,1.246901373,0.765703067,0.776111519,0.755290284
11/9/2020,1,0.309859155,0.38106097,0.889865077,1.008371283,0.70384838,1.273663422,1.000622127,0.747542135,0.856855875,0.815316264,0.840800082,0.489433793,1.30535321,0.560078912,0.463948213,0.618065311,0.927700818,0.573580483,0.422396857,0.529665862,0.36850704,0.642802001,0.801286224,0.745269154,0.59454441,0.57655755,0.739116042,0.292929293,0.390202703,0.906518283,1.130580571,0.704210339,1.18890661,1.035191156,0.701183861,0.748528724,0.782011705,0.761476682,0.474744127,1.398623459,0.531969128,0.426256468,0.61934236,0.844252853,0.52519603,0.422396857,0.549867608,0.369472621,0.624383336,0.782745676,0.743233299,0.581287798,0.470463345,0.701638631,0.2,0.42643764,0.871621622,0.600566572,0.651685393,0.677777778,0.622180451,1.015789474,0.766081871,0.993114314,0.843152015,0.388020833,1.050938338,0.604732691,0.369310793,0.382882883,0.854371175,0.83,0.830769231,0.364489873,0.608267279,0.692700382,0.653703922,0.530632136,0.619645495,0.683202005,0.843648112,0.709306461,0.914834041,0.60649213,1.241761469,0.819982134,0.702582539,0.762667665
11/16/2020,1,0.312989045,0.37349976,0.911437088,0.649544602,0.724392361,1.437579348,0.860505305,0.722420838,0.8524641,0.78854823,0.827759487,0.485363073,1.342029477,0.559536207,0.47865792,0.610772221,0.902081892,0.587211321,0.434184676,0.525346208,0.408875052,0.659953012,0.797392151,0.72030606,0.59784259,0.603569847,0.731126798,0.279461279,0.3671875,0.921356651,0.652998659,0.717534198,1.41307815,0.867296177,0.688910365,0.74406372,0.758700952,0.749723977,0.469887047,1.420992257,0.528798416,0.433516506,0.609516441,0.82115921,0.544278116,0.434184676,0.541262136,0.413636543,0.640513382,0.780278953,0.716707952,0.583991462,0.493380792,0.694143645,0.3,0.439133682,0.972972973,0.603399433,0.528089888,0.644444444,0.597744361,1.214035088,0.768960864,0.956235047,0.832534369,0.434895833,0.99463807,0.617879053,0.327698309,0.376126126,0.867228702,0.87,0.715384615,0.440431573,0.638269501,0.766173664,0.656106466,0.610275689,0.64844904,0.706678144,0.812348094,0.704208654,0.907079932,0.620112354,1.231559985,0.795769235,0.652017608,0.738467897
11/23/2020,1,0.375586854,0.234757561,0.781769689,0.899343691,0.567563657,1.24629708,0.905091072,0.622957099,0.818897182,0.792219307,0.808585712,0.481541253,1.176520413,0.541714948,0.38727856,0.502530452,0.898810064,0.542325056,0.326129666,0.472239868,0.180298031,0.444532876,0.715980451,0.662300364,0.482421675,0.474810096,0.656419255,0.35016835,0.223184122,0.780498145,1.028549531,0.565109256,1.238525607,0.962966375,0.572553757,0.710010527,0.761144494,0.729784169,0.484174249,1.232291368,0.530512554,0.363603546,0.499961315,0.817815613,0.508252454,0.326129666,0.488084731,0.17759261,0.422183694,0.692384997,0.653917024,0.46072572,0.382790059,0.617120273,0.1,0.296489918,0.743243243,0.413597734,0.730337079,0.444444444,0.471804511,1.156140351,0.74137052,0.948940888,0.811833921,0.377604167,0.924932976,0.55652936,0.347204161,0.352102102,0.845902144,0.815,0.715384615,0.206132879,0.426624194,0.67485687,0.583040867,0.497772208,0.513293944,0.618534384,0.731163673,0.679608773,0.925582097,0.614081297,1.117914276,0.827435053,0.642685253,0.668779096
11/30/2020,1,0.431924883,0.39150264,0.960229056,0.847910528,0.757233796,0.993228946,0.861853247,0.732667263,0.882363161,0.864907409,0.875616205,0.514492405,1.493139082,0.599227012,0.440221946,0.701695307,0.969613675,0.58972912,6.137524558,0.561809173,0.334634576,0.65801946,0.913824944,0.715540506,0.725594493,0.603978608,0.762042864,0.414141414,0.366131757,0.951881293,0.907453535,0.759637591,0.824915825,0.847673883,0.693597487,0.759211469,0.825598349,0.784883454,0.48615306,1.48394035,0.547955912,0.384100116,0.714687299,0.878594458,0.547239129,0.491159136,0.590467785,0.338900626,0.626520774,0.929065801,0.716653091,0.579053718,0.480954165,0.71780839,0.3,0.485436893,1.138513514,0.543909348,0.730337079,0.733333333,0.607142857,1.157894737,0.778977358,1.083970357,0.882512579,0.518229167,1.418230563,0.812445223,0.382314694,0.393393393,0.937560149,0.7525,0.838461538,0.389437819,0.635824876,0.710877863,0.705429278,0.588833194,0.651772526,0.727643167,0.866145,0.753230587,0.978503888,0.605856166,1.23508449,0.89536309,0.581276596,0.749191666
12/7/2020,1,0.428794992,0.335933749,0.958581738,0.598647201,0.748408565,0.942163916,0.718591228,0.719611849,0.867744823,0.884812042,0.874341605,0.468951729,1.559884804,0.563408481,0.442765078,0.659399234,0.981497443,0.587862476,5.931237721,0.532587981,0.319301997,0.639300575,0.797738291,0.703996707,0.702989392,0.604285179,0.743298383,0.372053872,0.376266892,0.963222046,0.566583637,0.746669035,0.762714868,0.664256103,0.68127567,0.748157706,0.851659898,0.788182282,0.43584961,1.563521652,0.505697512,0.386707312,0.668239845,0.889181308,0.545813456,0.473477407,0.552294793,0.327208787,0.609980445,0.776101305,0.707476973,0.56150836,0.485512676,0.697272638,0.1,0.207617625,1.128378378,0.529745042,0.674157303,0.688888889,0.580827068,1.177192982,0.76797121,1.068039914,0.869834793,0.532552083,1.372654155,0.807186678,0.370611183,0.388888889,0.928629172,0.7875,0.711538462,0.340829074,0.611230462,0.716650763,0.700836179,0.556947925,0.597858198,0.710544143,0.87328828,0.750326023,0.889482413,0.60595686,1.188639345,0.939701468,0.583022744,0.739673802
12/14/2020,1,0.320813772,0.290326452,0.960621274,0.588132869,0.771556713,0.98053322,0.728095946,0.723569969,0.884366004,0.945996668,0.908187344,0.549932556,1.565221074,0.637839741,0.428315464,0.668616622,1.050563072,0.583478034,5.654223969,0.532587981,0.274134319,0.618041066,0.792852999,0.724960711,0.691945875,0.577681643,0.76059024,0.269360269,0.351773649,0.961208267,0.564667561,0.785041748,0.77086656,0.67540304,0.676250302,0.764296054,0.920873298,0.824844895,0.530321249,1.555061658,0.593793575,0.384581445,0.678787879,0.952954175,0.549761474,0.504911591,0.558031774,0.283010747,0.586319736,0.780403535,0.729593157,0.548424048,0.473772949,0.716608818,0,0.133681852,1.141891892,0.42776204,0.224719101,0.511111111,0.407894737,1.331578947,0.753036437,1.095524304,0.869299948,0.57421875,1.501340483,0.877300613,0.339401821,0.385885886,0.949763252,0.7375,0.746153846,0.241605149,0.569597748,0.665887405,0.704157343,0.535087719,0.551698671,0.690551987,0.89617049,0.78861885,0.831649687,0.615639409,1.206555579,1.030762119,0.574629494,0.76413485
12/21/2020,1,0.336463224,0.166106577,0.768355821,0.537034557,0.579716435,0.731555932,0.594891646,0.588355465,0.800200767,0.829916314,0.811686351,0.541702797,1.025749619,0.583613242,0.378117504,0.529412897,0.951388968,0.520229206,3.1021611,0.44263753,0.087446145,0.418744219,0.705088846,0.647190409,0.599427563,0.446060565,0.651852596,0.281144781,0.218538851,0.772443031,0.534776777,0.579499023,0.594187489,0.561814832,0.54660546,0.689633808,0.805531159,0.734451624,0.551292855,1.025093203,0.580640004,0.363041996,0.537562863,0.864064481,0.490486374,0.322200393,0.447263901,0.082388757,0.38761411,0.671244823,0.644732558,0.45058698,0.368864743,0.60727694,0,0.053024645,0.966216216,0.314447592,0.505617978,0.511111111,0.379699248,0.940350877,0.672094767,0.978117523,0.775979557,0.453125,0.831099196,0.576687117,0.312093628,0.310810811,0.862801709,0.6675,0.6,0.098126065,0.359582191,0.641603053,0.619762101,0.489696463,0.429837518,0.592394322,0.701434584,0.672791938,0.681413832,0.600047697,1.103698772,0.911229758,0.536625092,0.673500971
12/28/2020,1,0.27543036,0.168987038,0.817069344,0.544736137,0.599681713,0.786006489,0.616977154,0.662219101,0.842915608,0.812505027,0.831161381,0.633892154,1.078265289,0.672367514,0.36291651,0.549213924,0.967378114,0.539503386,3.029469548,0.48621522,0.093887108,0.433392846,0.809076338,0.767864668,0.582854593,0.477024219,0.701262411,0.225589226,0.222128378,0.829994701,0.483809159,0.582696749,0.646819068,0.551819438,0.62498188,0.713901642,0.767509877,0.73463209,0.648226171,1.082305707,0.675113018,0.324014279,0.541972921,0.872336533,0.518725668,0.243614931,0.47815534,0.089039065,0.394350679,0.757599499,0.752901974,0.432536464,0.391469964,0.645078026,0.3,0.051530993,0.837837838,0.396600567,0.516853933,0.7,0.468045113,1.101754386,0.747578348,0.996323744,0.832019334,0.489583333,0.959785523,0.643295355,0.345903771,0.394894895,0.94602918,0.6275,0.807692308,0.098088207,0.399436995,0.81884542,0.7336945,0.504873294,0.435376662,0.666546119,0.816527358,0.647184351,0.837443729,0.609205575,1.161774784,0.824370787,0.810051357,0.772073731
1/4/2021,1,0.284820031,0.226356217,0.973407593,0.557192606,0.741174769,0.972492594,0.702899803,0.839632278,0.855593843,0.788475459,0.829651402,0.540217426,1.289852617,0.605123429,0.334595266,0.630919622,0.911761287,0.554610175,5.1021611,0.526616694,0.258233309,0.60064866,0.826583934,0.721935106,0.671325838,0.595701196,0.719417567,0.18013468,0.275548986,0.962692104,0.525867024,0.744714869,0.802232855,0.654444956,0.807634694,0.730390903,0.751535547,0.738567593,0.518997529,1.295239461,0.567077882,0.279411175,0.615602837,0.824522731,0.518616,0.337917485,0.549646955,0.251743278,0.562060146,0.79581017,0.715912466,0.52036286,0.467528413,0.667422626,0,0.136669156,0.932432432,0.501416431,0.449438202,0.722222222,0.530075188,1.596491228,0.761253561,0.974674681,0.833703102,0.4921875,1.233243968,0.734443471,0.339401821,0.506006006,0.912345536,0.6225,0.888461538,0.326821882,0.625379658,0.771374046,0.741443882,0.577276525,0.617429838,0.714267523,0.879779477,0.748310611,0.842850066,0.59104881,1.222102563,0.775311361,0.644314013,0.745036315
1/11/2021,1,0.325508607,0.214954393,0.922732978,0.567572998,0.71556713,0.979545775,0.703867556,0.828524004,0.839088489,0.752247266,0.805522823,0.488020683,1.247247162,0.553757132,0.330751669,0.596186041,0.879729124,0.544495572,5.355599214,0.514420023,0.275099899,0.594587489,0.921015212,0.735700256,0.675024108,0.592737678,0.720637976,0.265993266,0.26879223,0.922628511,0.522705499,0.711849352,0.830586567,0.651773376,0.803285818,0.717684924,0.721563751,0.719184877,0.460239162,1.27430456,0.510662297,0.275921543,0.579393939,0.798014852,0.510116796,0.296660118,0.530891439,0.263923262,0.554079495,0.924060375,0.726406442,0.519124867,0.466654178,0.671867752,0.2,0.073935773,0.790540541,0.549575071,0.359550562,0.811111111,0.562030075,1.580701754,0.734592892,0.886736302,0.78624064,0.497395833,1.289544236,0.756354075,0.33029909,0.40990991,0.863610117,0.58,0.826923077,0.288207458,0.608193199,0.760162214,0.712118714,0.519910888,0.594534712,0.677965843,0.843766673,0.72649674,0.845757856,0.569341248,1.249906992,0.722517684,0.756067498,0.748189257
1/18/2021,1,0.248826291,0.206072972,0.86774396,0.526922047,0.677662037,0.955988151,0.668060692,0.800338355,0.799295868,0.715890768,0.767058324,0.453062273,1.116889717,0.510538745,0.372193162,0.551619297,0.84945479,0.522312902,4.506876228,0.444035065,0.29387318,0.568191759,0.794447995,0.696085607,0.624340877,0.529686276,0.681012778,0.191919192,0.263513514,0.86200318,0.497509101,0.687511103,0.821548822,0.630999539,0.774148345,0.686519454,0.694015206,0.689418081,0.429648075,1.13994838,0.47364401,0.311339296,0.537021277,0.773973918,0.484728848,0.251473477,0.453883495,0.289632186,0.535070856,0.768847866,0.687853392,0.489043045,0.411952042,0.635313826,0.2,0.079163555,1.023648649,0.492917847,0.258426966,0.722222222,0.492481203,1.398245614,0.68034188,0.822489351,0.728596331,0.372395833,1.209115282,0.645924628,0.299089727,0.383633634,0.816722485,0.64,0.746153846,0.234677267,0.548485073,0.711116412,0.67610411,0.485519354,0.522156573,0.629093298,0.790355089,0.692768228,0.800913262,0.545921882,1.205948581,0.687938216,0.556272927,0.72078002
